-- phpMyAdmin SQL Dump
-- version 4.0.10.6
-- http://www.phpmyadmin.net
--
-- Host: localhost
-- Generation Time: Dec 18, 2014 at 01:03 PM
-- Server version: 5.5.36-cll-lve
-- PHP Version: 5.4.23

SET SQL_MODE = "NO_AUTO_VALUE_ON_ZERO";
SET time_zone = "+00:00";


/*!40101 SET @OLD_CHARACTER_SET_CLIENT=@@CHARACTER_SET_CLIENT */;
/*!40101 SET @OLD_CHARACTER_SET_RESULTS=@@CHARACTER_SET_RESULTS */;
/*!40101 SET @OLD_COLLATION_CONNECTION=@@COLLATION_CONNECTION */;
/*!40101 SET NAMES utf8 */;

--
-- Database: `getdstvc_leads`
--

-- --------------------------------------------------------

--
-- Table structure for table `dstv_agents`
--

DROP TABLE IF EXISTS `dstv_agents`;
CREATE TABLE IF NOT EXISTS `dstv_agents` (
  `id` int(11) NOT NULL AUTO_INCREMENT,
  `location_id` int(11) NOT NULL,
  `name` varchar(100) NOT NULL,
  `phone` varchar(100) NOT NULL,
  `email` varchar(100) NOT NULL,
  `status` int(11) NOT NULL DEFAULT '1',
  PRIMARY KEY (`id`)
) ENGINE=InnoDB  DEFAULT CHARSET=latin1 AUTO_INCREMENT=8 ;

--
-- Dumping data for table `dstv_agents`
--

INSERT INTO `dstv_agents` (`id`, `location_id`, `name`, `phone`, `email`, `status`) VALUES
(1, 2, 'BEATRICE WANJIRU', '254722468730', 'btrcwanjiru@gmail.com', 1),
(2, 1, 'JAMES ADALA', '254722297518', 'jaymmode@gmail.com', 1),
(3, 3, 'SUSAN OSANO', '254725426259', 'suushisuu@gmail.com', 1),
(4, 4, 'ELIZABETH CHACHA', '254724841764', 'lizchacha25@yahoo.com', 1),
(5, 5, 'MAURICE ANDITI', '254722304108', 'maanditi@yahoo.com', 1),
(6, 6, 'CAROLINE MUIA', '254721390361', 'carolinemuiash@gmail.com', 1),
(7, 7, 'Kevin Waki', '254721832517', 'dev.gsoft@gmail.com', 1);

-- --------------------------------------------------------

--
-- Table structure for table `dstv_leads`
--

DROP TABLE IF EXISTS `dstv_leads`;
CREATE TABLE IF NOT EXISTS `dstv_leads` (
  `id` int(11) NOT NULL AUTO_INCREMENT,
  `name` varchar(100) NOT NULL,
  `email` varchar(255) NOT NULL,
  `mobile` varchar(20) NOT NULL,
  `location_id` int(255) NOT NULL DEFAULT '2',
  `source_id` int(11) NOT NULL DEFAULT '2',
  `agent_id` int(11) NOT NULL DEFAULT '1',
  `product` text NOT NULL,
  `date_submitted` timestamp NOT NULL DEFAULT CURRENT_TIMESTAMP,
  `status` int(11) NOT NULL DEFAULT '0',
  `referrer` text NOT NULL,
  `utm_campaign` varchar(200) NOT NULL,
  `utm_medium` varchar(200) NOT NULL,
  `utm_source` varchar(200) NOT NULL,
  PRIMARY KEY (`id`),
  UNIQUE KEY `email` (`email`)
) ENGINE=InnoDB  DEFAULT CHARSET=latin1 AUTO_INCREMENT=62 ;

--
-- Dumping data for table `dstv_leads`
--

INSERT INTO `dstv_leads` (`id`, `name`, `email`, `mobile`, `location_id`, `source_id`, `agent_id`, `product`, `date_submitted`, `status`, `referrer`, `utm_campaign`, `utm_medium`, `utm_source`) VALUES
(1, 'Kevin', 'kevinwaki@gmail.com', '0721832517', 1, 2, 1, '', '2014-12-17 08:46:14', 0, '', '', '', ''),
(2, 'Kevin ', 'Test@mail.com', '556767889899', 1, 2, 1, '', '2014-12-17 09:55:18', 0, 'http://greensoftkenya.com/', '', '', ''),
(3, 'mary', 'marymogoi@gmail.com', '0744335577', 7, 2, 7, '', '2014-12-17 14:37:31', 0, '', '', '', ''),
(4, 'Manish', 'manish@gmail.com', '0718900333', 1, 2, 2, '', '2014-12-17 14:42:59', 0, '', '', '', ''),
(5, 'Mbugua Macharia', 'mgmcharia@gmail.com', '0720640333', 1, 2, 2, '', '2014-12-17 16:20:38', 0, '', '', '', ''),
(7, 'Kevin Waki', 'kgsgsd@mail.com', '87836676436743', 7, 2, 7, '', '2014-12-17 16:21:15', 0, '', 'switchtomore', 'banner', 'google'),
(10, 'Kevin Waki', 'kgsgsd67575@mail.com', '87836676436743', 7, 2, 7, '', '2014-12-17 16:23:51', 0, '', 'switchtomore', 'banner', 'google'),
(12, 'Kevin Waki', 'kgsgsd6757555@mail.com', '87836676436743', 7, 2, 7, '', '2014-12-17 16:26:58', 0, '', 'switchtomore', 'banner', 'google'),
(13, 'Mbugua Macharia', 'ginine5@gmail.com', '0720640333', 7, 2, 7, '', '2014-12-17 16:31:31', 0, '', '', '', ''),
(15, 'John', 't@me.com', '08977636635', 7, 2, 7, '', '2014-12-17 16:32:58', 0, '', 'switchtomore', 'banner', 'google'),
(16, 'Kinuthia Mbugua', 'kinuthia4@gmail.com', '76745455768', 7, 2, 7, '', '2014-12-17 16:34:10', 0, '', 'switchtomore', 'banner', 'google'),
(17, 'nani', 'gjjghhjk@gmail.com', '4567890987654', 7, 2, 7, '', '2014-12-17 16:35:57', 0, '', '', '', ''),
(18, 'Tev', 'tev@mail.com', '09876554333', 7, 1, 7, '', '2014-12-17 18:19:46', 0, '', 'switchtomore', 'banner', 'google'),
(19, 'Vimal Kaul', 'vimal.kaul@scangroup.biz', '0710289801', 1, 2, 2, '', '2014-12-17 19:44:36', 0, '', '', '', ''),
(25, 'Vimal Kaul', 'kaulvimal@gmail.com', '0710289801', 7, 2, 7, '', '2014-12-18 05:00:49', 0, '', '', '', ''),
(40, 'Francis Kiarie Njoroge', 'kiarief@gmail.com', '+254720208340', 1, 2, 2, '', '2014-12-18 05:15:09', 0, '', '', '', ''),
(41, 'Alice', 'alice@kenya.com', '020399925', 6, 2, 6, '', '2014-12-18 05:42:03', 0, 'http://www.ghafla.co.ke/', 'Digital migration', 'banner', 'ghafla'),
(42, 'Lewis', 'lewis@safaricom.com', '0732535191', 1, 2, 2, '', '2014-12-18 06:12:02', 0, 'http://www.ghafla.co.ke/', 'Digital migration', 'banner', 'ghafla'),
(43, 'Kinuthia Mbugua', 'waki.kev@gmail.com', '6387853058008354', 7, 2, 7, '', '2014-12-18 06:41:06', 0, '', '', '', ''),
(44, 'Vimal Kaul', 'vimal1.kaul@scangroup.biz', '0710289801', 1, 1, 2, '', '2014-12-18 06:41:47', 0, '', '', '', ''),
(47, 'Vimal Kaul', 'vimal2.kaul@scangroup.biz', '099090909', 1, 1, 2, '', '2014-12-18 06:44:37', 0, '', '', '', ''),
(48, 'Vimal', 'vi1mal.kaul@scangroup.biz', '071898989', 5, 1, 5, '', '2014-12-18 06:47:03', 0, '', '', '', ''),
(49, 'Johnstone kulundu Mukubi', 'mukubijohnstone@gmail.com', '0722306562', 3, 2, 3, '', '2014-12-18 08:00:15', 0, 'http://googleads.g.doubleclick.net/pagead/ads?client=ca-pub-8496420355696304&output=html&h=600&slotname=1020097359&adk=2758560687&w=300&lmt=1418889303&host=pub-1556223355139109&flash=11.7.700&url=http%3A%2F%2Fwww.kenyan-post.com%2F&dt=1418889318874&bpp=3&bdt=2025&shv=r20141209&cbv=r20141212&saldr=sa&prev_fmts=970x90%2C970x90&correlator=6894815037833&frm=20&ga_vid=958656449.1418889319&ga_sid=1418889319&ga_hid=187882183&ga_fc=0&u_tz=180&u_his=50&u_java=0&u_h=768&u_w=1366&u_ah=728&u_aw=1366&u_cd=24&u_nplug=3&u_nmime=16&dff=georgia&dfs=12&adx=690&ady=294&biw=1349&bih=613&eid=317150304&oid=3&ref=http%3A%2F%2Fwww.kenyan-post.com%2F2014%2F12%2Flook-at-what-uhuru-ruto-are-doing-to.html&rx=0&eae=0&fc=8&brdim=%2C%2C-8%2C-8%2C1366%2C0%2C1382%2C744%2C1366%2C613&vis=1&abl=CS&ppjl=t&fu=0&bc=1&ifi=3&xpc=GQfIQ9VmRP&p=http%3A//www.kenyan-post.com&dtd=214', 'Digital Migration ', 'banner', 'google'),
(50, 'Elizabeth Mwangi', 'zilmwangy@yahoo.com', '0724750202', 2, 2, 1, '', '2014-12-18 08:08:11', 0, '', 'Digital Migration ', 'banner', 'google'),
(51, 'yusra abdul', 'yusraabdul@gmai.com', '0704367272', 7, 2, 7, '', '2014-12-18 08:14:22', 0, '', 'Digital Migration ', 'banner', 'google'),
(52, 'festus', 'mumofestusk@gmail.com', '0720011937', 5, 2, 5, '', '2014-12-18 08:18:26', 0, 'http://www.ghafla.co.ke/news/music/item/27829-dj-mo-flaunts-his-brand-new-baby-toy-photo', 'Digital migration', 'banner', 'ghafla'),
(53, 'sharon', 'sminjire@yahoo.com', '0721542915', 2, 2, 1, '', '2014-12-18 08:19:05', 0, '', 'Digital Migration ', 'banner', 'google'),
(54, 'Micah Japheth', 'micahjapheth@gmail.com', '0719-268841', 2, 2, 1, '', '2014-12-18 08:31:06', 0, '', 'Digital Migration ', 'banner', 'google'),
(55, 'Stephen mutua munguti', 'stephenmunguti@yahoo.com', '0721834164', 6, 2, 6, '', '2014-12-18 08:38:00', 0, 'http://tpc.googlesyndication.com/safeframe/1-0-1/html/container.html', 'Digital Migration ', 'banner', 'google'),
(56, 'cosmas chahenza', 'chahenza@soitaattorneys.com', '0722-218500', 6, 2, 6, '', '2014-12-18 08:39:36', 0, '', 'Digital Migration ', 'banner', 'google'),
(57, 'lalish', 'crankboyy2012@hotmail.com', '0727173554', 5, 2, 5, '', '2014-12-18 08:42:48', 0, '', 'Digital Migration ', 'banner', 'google'),
(58, 'rachel nyamwathi', 'nyamwathi.racquel@gmail.com', '+254723412283', 6, 2, 6, '', '2014-12-18 08:50:58', 0, 'http://tpc.googlesyndication.com/safeframe/1-0-1/html/container.html?n=1', 'Digital Migration ', 'banner', 'google'),
(59, 'william maitha', 'pasawi.insurance@gmail.com', '0721705489', 5, 2, 5, '', '2014-12-18 09:22:14', 0, 'http://googleads.g.doubleclick.net/pagead/ads?client=ca-pub-4519818035499623&output=html&h=250&slotname=4040850011&adk=1687240374&w=300&lmt=1418894214&region=test&flash=0&url=http%3A%2F%2Fwww.standardmedia.co.ke%2Fm%2F%3FarticleID%3D2000145145%26story_title%3DDivided%20Kenyans%20disagree%20over%20strategy%20to%20end%20%22terror%22%20attacks&dt=1418894213875&bpp=174&bdt=2682&shv=r20141209&cbv=r20141212&saldr=sa&correlator=5626261129404&frm=20&ga_vid=1279158382.1411151308&ga_sid=1418894215&ga_hid=1810290377&ga_fc=1&u_tz=180&u_his=1&u_java=1&u_h=800&u_w=480&u_ah=800&u_aw=480&u_cd=24&u_nplug=0&u_nmime=0&dff=segoe%20ui&dfs=14&adx=16&ady=1606&biw=320&bih=486&eid=317150304&oid=3&rx=0&eae=0&fc=11&docm=10&brdim=0%2C0%2C1000%2C1000%2C480%2C%2C320%2C485%2C320%2C485&vis=1&abl=CS&ppjl=u&srr=1&fu=0&bc=1&ifi=1&xpc=DC0RkdGxsE&p=http%3A//www.standardmedia.co.ke&dtd=1114', 'Digital Migration ', 'banner', 'google');

-- --------------------------------------------------------

--
-- Table structure for table `dstv_leadsources`
--

DROP TABLE IF EXISTS `dstv_leadsources`;
CREATE TABLE IF NOT EXISTS `dstv_leadsources` (
  `id` int(11) NOT NULL AUTO_INCREMENT,
  `name` varchar(100) NOT NULL,
  `status` int(11) NOT NULL DEFAULT '1',
  PRIMARY KEY (`id`)
) ENGINE=InnoDB  DEFAULT CHARSET=latin1 AUTO_INCREMENT=3 ;

--
-- Dumping data for table `dstv_leadsources`
--

INSERT INTO `dstv_leadsources` (`id`, `name`, `status`) VALUES
(1, 'Scangroup', 1),
(2, 'General', 1);

-- --------------------------------------------------------

--
-- Table structure for table `dstv_locations`
--

DROP TABLE IF EXISTS `dstv_locations`;
CREATE TABLE IF NOT EXISTS `dstv_locations` (
  `id` int(11) NOT NULL AUTO_INCREMENT,
  `region_id` int(11) NOT NULL,
  `name` text NOT NULL,
  `physical_location` text NOT NULL,
  `contact_name` text NOT NULL,
  `phone` varchar(100) NOT NULL,
  `email` text NOT NULL,
  `status` int(11) DEFAULT '1',
  PRIMARY KEY (`id`)
) ENGINE=InnoDB  DEFAULT CHARSET=latin1 AUTO_INCREMENT=9 ;

--
-- Dumping data for table `dstv_locations`
--

INSERT INTO `dstv_locations` (`id`, `region_id`, `name`, `physical_location`, `contact_name`, `phone`, `email`, `status`) VALUES
(1, 1, 'WAIYAKI WAY', 'WAIYAKI WAY', 'JAMES ADALA', '254722297518', 'jaymmode@gmail.com', 1),
(2, 1, 'THIKA ROAD', 'THIKA ROAD', 'BEATRICE WANJIRU', '254722468730', 'btrcwanjiru@gmail.com', 1),
(3, 1, 'LANGATA ROAD', 'LANGATA ROAD', 'SUSAN OSANO', '254725426259', 'suushisuu@gmail.com', 1),
(4, 1, 'NGONG ROAD/ARGWINGS KHODHEK/NAIVASHA ROAD', 'NGONG ROAD/ARGWINGS KHODHEK/NAIVASHA ROAD\r\n', 'ELIZABETH CHACHA', '254724841764', 'lizchacha25@yahoo.com', 1),
(5, 1, 'OUTER RING/JOGOO ROAD', 'OUTER RING/JOGOO ROAD', 'MAURICE ANDITI', '254722304108', 'maanditi@yahoo.com', 1),
(6, 1, 'MOMBASA ROAD', 'MOMBASA ROAD', 'CAROLINE MUIA', '254721390361', 'carolinemuiash@gmail.com', 1),
(7, 1, 'Test Location', 'Test Location', 'Kevin', '254721832517', 'dev.gsoft@gmail.com', 1),
(8, 1, 'Squad Test', 'Nairobi', 'Vimal', '0710289801', 'vimal.kaul@scangroup.biz', 1);

-- --------------------------------------------------------

--
-- Table structure for table `dstv_menus`
--

DROP TABLE IF EXISTS `dstv_menus`;
CREATE TABLE IF NOT EXISTS `dstv_menus` (
  `id` int(11) NOT NULL AUTO_INCREMENT,
  `title` text NOT NULL,
  `icon` varchar(100) NOT NULL,
  `isroot` int(11) NOT NULL DEFAULT '0',
  `parentid` int(11) NOT NULL DEFAULT '0',
  `linkpage` text NOT NULL,
  `isactive` int(11) NOT NULL DEFAULT '1',
  PRIMARY KEY (`id`)
) ENGINE=InnoDB  DEFAULT CHARSET=latin1 AUTO_INCREMENT=7 ;

--
-- Dumping data for table `dstv_menus`
--

INSERT INTO `dstv_menus` (`id`, `title`, `icon`, `isroot`, `parentid`, `linkpage`, `isactive`) VALUES
(1, 'Dashboard', 'icon-home', 0, 0, 'index.php', 1),
(2, 'Users', 'icon-user', 1, 0, 'users.php', 0),
(3, 'Manage Regions', 'icon-lock', 0, 0, 'regions.php', 1),
(4, 'Manage Locations', 'icon-home', 0, 0, 'locations.php', 1),
(5, 'Manage Agents', 'icon-user', 0, 0, 'agents.php', 1),
(6, 'Leads', 'icon-envelope', 0, 0, 'leads.php', 1);

-- --------------------------------------------------------

--
-- Table structure for table `dstv_regions`
--

DROP TABLE IF EXISTS `dstv_regions`;
CREATE TABLE IF NOT EXISTS `dstv_regions` (
  `id` int(11) NOT NULL AUTO_INCREMENT,
  `name` text NOT NULL,
  `status` int(11) NOT NULL DEFAULT '1',
  PRIMARY KEY (`id`)
) ENGINE=InnoDB  DEFAULT CHARSET=latin1 AUTO_INCREMENT=7 ;

--
-- Dumping data for table `dstv_regions`
--

INSERT INTO `dstv_regions` (`id`, `name`, `status`) VALUES
(1, 'Nairobi', 1),
(2, 'Kisumu City', 0),
(3, 'Mombasa', 0),
(4, 'Mount Kenya', 0),
(5, 'Rift Valley', 0),
(6, 'North Eastern', 0);

-- --------------------------------------------------------

--
-- Table structure for table `dstv_tokens`
--

DROP TABLE IF EXISTS `dstv_tokens`;
CREATE TABLE IF NOT EXISTS `dstv_tokens` (
  `id` int(11) NOT NULL AUTO_INCREMENT,
  `token` varchar(100) NOT NULL,
  `isUsed` int(11) NOT NULL DEFAULT '0',
  PRIMARY KEY (`id`)
) ENGINE=InnoDB  DEFAULT CHARSET=latin1 AUTO_INCREMENT=984 ;

--
-- Dumping data for table `dstv_tokens`
--

INSERT INTO `dstv_tokens` (`id`, `token`, `isUsed`) VALUES
(1, 'DL-C7378B7DFF', 0),
(2, 'DL-F718BE032A', 0),
(3, 'DL-E62DB9A97A', 0),
(4, 'DL-5CA778C4A2', 1),
(5, 'DL-77F8C23028', 0),
(6, 'DL-C6E707675E', 1),
(7, 'DL-A34F00F1A7', 0),
(8, 'DL-A39CEF738D', 0),
(9, 'DL-807682A8E3', 0),
(10, 'DL-CCE0282A10', 1),
(11, 'DL-C59671F5A6', 0),
(12, 'DL-81B482945A', 0),
(13, 'DL-5E8D80FC81', 0),
(14, 'DL-FC75E316B4', 0),
(15, 'DL-C0FD8BF481', 0),
(16, 'DL-255435E5DF', 0),
(17, 'DL-FC2DDCDF1D', 0),
(18, 'DL-7C34A88F5A', 0),
(19, 'DL-4BBDA65EAA', 0),
(20, 'DL-FD114C27E9', 0),
(21, 'DL-102D42F9EE', 0),
(22, 'DL-5629184D6C', 0),
(23, 'DL-5EA519C150', 0),
(24, 'DL-7DCFFB61CF', 0),
(25, 'DL-4DF67066DF', 0),
(26, 'DL-A93C20BB98', 0),
(27, 'DL-929EB09EB1', 0),
(28, 'DL-73889E4D90', 0),
(29, 'DL-E0A1F73044', 0),
(30, 'DL-8E98C5DB18', 0),
(31, 'DL-11F766A39E', 0),
(32, 'DL-F2C3F65A28', 0),
(33, 'DL-809F233984', 0),
(34, 'DL-591F3DA523', 1),
(35, 'DL-018073BA6E', 0),
(36, 'DL-0181D9B337', 0),
(37, 'DL-ED2D32A09C', 0),
(38, 'DL-ACDCB2962B', 0),
(39, 'DL-167EF8EB97', 0),
(40, 'DL-385DFE6283', 0),
(41, 'DL-EC9E1EC001', 0),
(42, 'DL-B6E5E85374', 0),
(43, 'DL-96069749E7', 1),
(44, 'DL-3678A63912', 0),
(45, 'DL-A04A2C6381', 0),
(46, 'DL-E8A39A7AB5', 1),
(47, 'DL-CD48C2C7B6', 0),
(48, 'DL-55B7D730C3', 0),
(49, 'DL-0E592F031E', 0),
(50, 'DL-E758E4D633', 0),
(51, 'DL-E05EBE38AF', 0),
(52, 'DL-678BBA7D04', 0),
(53, 'DL-5D93D7369A', 0),
(54, 'DL-FB6FCBAC3F', 1),
(55, 'DL-A1F96FEBB0', 0),
(56, 'DL-CDEA1EA2A2', 0),
(57, 'DL-60FDB2E98F', 0),
(58, 'DL-0FBB254160', 0),
(59, 'DL-C46CBD1514', 0),
(60, 'DL-CC0FEDB1F4', 0),
(61, 'DL-E18FF2FE35', 0),
(62, 'DL-6BA58159F8', 0),
(63, 'DL-75554AD4A2', 0),
(64, 'DL-C326529B70', 0),
(65, 'DL-55CC4BF365', 0),
(66, 'DL-FFBA2E0FCC', 0),
(67, 'DL-5AA41E0260', 0),
(68, 'DL-DBA8038E16', 0),
(69, 'DL-BD92F89B9D', 0),
(70, 'DL-DF53569127', 0),
(71, 'DL-04712935C9', 0),
(72, 'DL-699DC5D5D2', 0),
(73, 'DL-1E308C6A10', 0),
(74, 'DL-A85EA10E77', 0),
(75, 'DL-C677A27720', 0),
(76, 'DL-50A297F731', 0),
(77, 'DL-5CF022441F', 0),
(78, 'DL-4B98EC910E', 0),
(79, 'DL-FF81E5E514', 1),
(80, 'DL-198B8BCC31', 1),
(81, 'DL-D5F036895E', 0),
(82, 'DL-E23415C79D', 0),
(83, 'DL-BABE20A1A8', 0),
(84, 'DL-B8995851F6', 0),
(85, 'DL-D2A0C01C31', 1),
(86, 'DL-1127D9528D', 0),
(87, 'DL-B3F80C1E43', 0),
(88, 'DL-84A51E8134', 0),
(89, 'DL-5977D446D0', 0),
(90, 'DL-D54933F934', 0),
(91, 'DL-7E497A3E4B', 0),
(92, 'DL-354E3D5929', 1),
(93, 'DL-CDD8FD6A3D', 1),
(94, 'DL-E617DEC33C', 1),
(95, 'DL-0D38BFD8A4', 0),
(96, 'DL-E48AFA666A', 1),
(97, 'DL-7EEE02E0F5', 0),
(98, 'DL-034069512D', 0),
(99, 'DL-62860DBA00', 0),
(100, 'DL-933F690984', 0),
(101, 'DL-E2E0E563BC', 0),
(102, 'DL-28141C25AF', 0),
(103, 'DL-009E59B46B', 0),
(104, 'DL-ADFD9CBE3B', 0),
(105, 'DL-B8A6D5C86B', 0),
(106, 'DL-C9207D2671', 0),
(107, 'DL-271096A564', 0),
(108, 'DL-2EF99CC23D', 0),
(109, 'DL-D4E89B403D', 0),
(110, 'DL-379319B3D9', 1),
(111, 'DL-63CC10D3B5', 0),
(112, 'DL-3D8B6BEE86', 1),
(113, 'DL-58FA38EC7C', 0),
(114, 'DL-0E4EE88DC3', 0),
(115, 'DL-631957AFF6', 0),
(116, 'DL-0C6420DFBF', 0),
(117, 'DL-9D8967908A', 0),
(118, 'DL-FBF8BB5A61', 0),
(119, 'DL-192AACC677', 0),
(120, 'DL-9296D8CD62', 1),
(121, 'DL-126DF31417', 0),
(122, 'DL-ADDCD08D70', 0),
(123, 'DL-3E195EE644', 0),
(124, 'DL-319C7CFC95', 1),
(125, 'DL-0B344B7AC6', 0),
(126, 'DL-FCC3A1388D', 0),
(127, 'DL-8D46C4ED51', 0),
(128, 'DL-1065DF4709', 0),
(129, 'DL-784F58ACA2', 0),
(130, 'DL-784F58ACA2', 0),
(131, 'DL-53EA732AFD', 0),
(132, 'DL-DB74827210', 0),
(133, 'DL-146891635B', 0),
(134, 'DL-8AADB1A98B', 0),
(135, 'DL-C0F0C4EA19', 1),
(136, 'DL-A7696A6862', 0),
(137, 'DL-2F796B9050', 0),
(138, 'DL-44C4F67FB0', 0),
(139, 'DL-4929547707', 0),
(140, 'DL-C626DE5FD6', 0),
(141, 'DL-2E37D1E245', 0),
(142, 'DL-80E394DCA2', 1),
(143, 'DL-81054652F2', 0),
(144, 'DL-A77E0960D0', 0),
(145, 'DL-7DEFE5C4E1', 0),
(146, 'DL-974890286E', 0),
(147, 'DL-74D3FC6013', 0),
(148, 'DL-833CC012C4', 0),
(149, 'DL-ED463403F1', 0),
(150, 'DL-1865C82699', 1),
(151, 'DL-9993075DD9', 0),
(152, 'DL-5CDBC1C7CF', 0),
(153, 'DL-6D2CB56DF9', 0),
(154, 'DL-3298BD8631', 1),
(155, 'DL-18CD903202', 0),
(156, 'DL-D76D787099', 0),
(157, 'DL-78BD191E1C', 1),
(158, 'DL-3EA75AA5CD', 0),
(159, 'DL-6BAEC311D2', 1),
(160, 'DL-49E63AF12E', 0),
(161, 'DL-8AAC7EBF71', 0),
(162, 'DL-DDD462BDAE', 0),
(163, 'DL-9FE358815A', 0),
(164, 'DL-87CD411B68', 0),
(165, 'DL-AD0115ECB8', 0),
(166, 'DL-A00543F865', 0),
(167, 'DL-B2DBA2994F', 0),
(168, 'DL-EB9B66727A', 0),
(169, 'DL-7F8FE9E849', 0),
(170, 'DL-5B81CAC981', 0),
(171, 'DL-841BADBB44', 0),
(172, 'DL-64B3D2A76A', 0),
(173, 'DL-05A63A11D9', 0),
(174, 'DL-F09F29F483', 0),
(175, 'DL-5622C13F4A', 0),
(176, 'DL-5BEBCF41C0', 0),
(177, 'DL-DE9040C930', 0),
(178, 'DL-CC7297AF02', 0),
(179, 'DL-CF3C1504E2', 0),
(180, 'DL-22DDE6B941', 0),
(181, 'DL-45FEC9CB81', 0),
(182, 'DL-98B9DC0937', 0),
(183, 'DL-86091F065C', 0),
(184, 'DL-16E9C20A25', 0),
(185, 'DL-7EF4841B0F', 0),
(186, 'DL-D90A628990', 0),
(187, 'DL-D90A628990', 0),
(188, 'DL-D61060862A', 0),
(189, 'DL-5F3AE16F4B', 0),
(190, 'DL-139EDEEC4F', 0),
(191, 'DL-06D0DD3119', 0),
(192, 'DL-71B9D6500C', 0),
(193, 'DL-A2E8CFFD28', 0),
(194, 'DL-7223F1CC71', 0),
(195, 'DL-C9E37D7BB6', 0),
(196, 'DL-6ACEE6BEDA', 0),
(197, 'DL-AD89DEA9C5', 1),
(198, 'DL-1C78A3A269', 0),
(199, 'DL-609DDCE1AF', 0),
(200, 'DL-9D3D6CE6D5', 0),
(201, 'DL-B30B29B178', 0),
(202, 'DL-397A990605', 0),
(203, 'DL-66F3764281', 0),
(204, 'DL-FAB84F4422', 0),
(205, 'DL-05A206D31A', 0),
(206, 'DL-FF67456271', 0),
(207, 'DL-9B81CA1961', 0),
(208, 'DL-67F89CB244', 0),
(209, 'DL-E2C53F2AEB', 0),
(210, 'DL-58A5B2AA86', 0),
(211, 'DL-4124A271FA', 0),
(212, 'DL-0F53332B28', 0),
(213, 'DL-076E6FC3D5', 0),
(214, 'DL-076E6FC3D5', 0),
(215, 'DL-C94B118696', 0),
(216, 'DL-9C4D09D1B1', 0),
(217, 'DL-551D22EC3C', 0),
(218, 'DL-A3E021F41B', 0),
(219, 'DL-ED965BB232', 0),
(220, 'DL-7A6C3BD3BC', 0),
(221, 'DL-C15F63E62C', 0),
(222, 'DL-1BAB6BB4AF', 0),
(223, 'DL-F248FD976C', 0),
(224, 'DL-49ECCDD657', 0),
(225, 'DL-EFA52658A0', 0),
(226, 'DL-526EEC59E1', 0),
(227, 'DL-7EB71F019D', 0),
(228, 'DL-B713CBC203', 0),
(229, 'DL-F3B54816E7', 0),
(230, 'DL-A9B6CF4DF3', 0),
(231, 'DL-B93631CDB5', 0),
(232, 'DL-673F5BCC0A', 0),
(233, 'DL-2CACEDE407', 0),
(234, 'DL-DA57FD92C6', 0),
(235, 'DL-9B3A3119BA', 0),
(236, 'DL-9287DC2EC0', 0),
(237, 'DL-60549F695C', 0),
(238, 'DL-21AE196391', 0),
(239, 'DL-B4C9B3BB5F', 0),
(240, 'DL-69FFE519CF', 0),
(241, 'DL-90DBA8A0DD', 0),
(242, 'DL-1F3C088209', 0),
(243, 'DL-AD0CA35E08', 0),
(244, 'DL-1FB7DA329B', 0),
(245, 'DL-B504CFF2CE', 0),
(246, 'DL-30F73D2B46', 0),
(247, 'DL-1A20B19499', 0),
(248, 'DL-BC84EF1E6D', 0),
(249, 'DL-27EBED0D67', 0),
(250, 'DL-1D43BFF576', 0),
(251, 'DL-3B727F5E41', 0),
(252, 'DL-CA8ED063FB', 0),
(253, 'DL-051AE93E18', 0),
(254, 'DL-FF8FD23369', 0),
(255, 'DL-A9F1814270', 0),
(256, 'DL-9A94C0BB48', 0),
(257, 'DL-701819538C', 0),
(258, 'DL-E861031C14', 0),
(259, 'DL-E861031C14', 0),
(260, 'DL-0919C67A61', 0),
(261, 'DL-1CEB6BD4DD', 0),
(262, 'DL-CB6980C762', 0),
(263, 'DL-A47972251E', 0),
(264, 'DL-24C4B28AE8', 0),
(265, 'DL-5E4DC9CFB0', 0),
(266, 'DL-402CA1F648', 0),
(267, 'DL-02FA34F202', 0),
(268, 'DL-985A4ABFC3', 0),
(269, 'DL-AC7F37D0A4', 0),
(270, 'DL-DF52DABFFC', 0),
(271, 'DL-94C2A5F81C', 0),
(272, 'DL-FE2E3EF72D', 0),
(273, 'DL-CD2BF19A4E', 1),
(274, 'DL-0EFC93114B', 0),
(275, 'DL-EDAB048A20', 0),
(276, 'DL-9F95C48B5F', 0),
(277, 'DL-391379B0EC', 0),
(278, 'DL-68C962A471', 0),
(279, 'DL-5F0647928C', 0),
(280, 'DL-BF8AF0902F', 0),
(281, 'DL-C39C2A6F49', 0),
(282, 'DL-A01C90C283', 0),
(283, 'DL-A01C90C283', 0),
(284, 'DL-3A6C5A257A', 0),
(285, 'DL-7561240167', 0),
(286, 'DL-7561240167', 0),
(287, 'DL-5B1B4F70AA', 0),
(288, 'DL-81D7AB07DA', 0),
(289, 'DL-0B82FF4E0B', 0),
(290, 'DL-0B82FF4E0B', 0),
(291, 'DL-312055217C', 0),
(292, 'DL-E3AA4ADFCD', 0),
(293, 'DL-2AEBF1D3C4', 0),
(294, 'DL-7DB202EF4A', 0),
(295, 'DL-DF6BBE6DB3', 0),
(296, 'DL-8ADC66AE5B', 0),
(297, 'DL-5F5E2C2CCA', 0),
(298, 'DL-628F350C62', 0),
(299, 'DL-50235ADD2B', 0),
(300, 'DL-4561D112C3', 0),
(301, 'DL-2AE0CEE939', 0),
(302, 'DL-2AE0CEE939', 0),
(303, 'DL-BACD0C116D', 0),
(304, 'DL-BACD0C116D', 0),
(305, 'DL-DD2A408FC8', 0),
(306, 'DL-09AFA8F587', 0),
(307, 'DL-09AFA8F587', 0),
(308, 'DL-0310A9FEBF', 0),
(309, 'DL-0EC8A788B9', 0),
(310, 'DL-9ED52D428E', 0),
(311, 'DL-A29427985D', 0),
(312, 'DL-66AC72695F', 1),
(313, 'DL-66AC72695F', 0),
(314, 'DL-84D890B7D9', 0),
(315, 'DL-11D6548984', 0),
(316, 'DL-103E38798B', 0),
(317, 'DL-67A8C70744', 0),
(318, 'DL-A046CFA20E', 0),
(319, 'DL-E9A4119644', 0),
(320, 'DL-E9A4119644', 0),
(321, 'DL-5398AA229A', 0),
(322, 'DL-7A943EFBC8', 0),
(323, 'DL-7A943EFBC8', 0),
(324, 'DL-E1E7EA8B4F', 0),
(325, 'DL-707059D1A3', 0),
(326, 'DL-484EE501E6', 0),
(327, 'DL-C0B88B53A7', 0),
(328, 'DL-A9D972DE46', 0),
(329, 'DL-7E39EF4B5A', 0),
(330, 'DL-71486A768C', 0),
(331, 'DL-9E552F7381', 0),
(332, 'DL-4C2C25959C', 0),
(333, 'DL-A17CD49BAB', 0),
(334, 'DL-0CF0EAE3D2', 0),
(335, 'DL-209C9C196C', 0),
(336, 'DL-3346D07B76', 0),
(337, 'DL-386170CF6A', 0),
(338, 'DL-3DABCFB1A1', 0),
(339, 'DL-47C0148AC2', 0),
(340, 'DL-57BE451820', 0),
(341, 'DL-D4D34CE204', 0),
(342, 'DL-201C8C78BC', 1),
(343, 'DL-201C8C78BC', 0),
(344, 'DL-3135DB8F66', 0),
(345, 'DL-FA28C5F1EE', 0),
(346, 'DL-AE6A724220', 0),
(347, 'DL-CEF1BBD1BA', 0),
(348, 'DL-5451205261', 0),
(349, 'DL-ABAEA8CFA0', 0),
(350, 'DL-C723C69873', 0),
(351, 'DL-CB5768B4AD', 0),
(352, 'DL-177ACBCEFC', 0),
(353, 'DL-3E174BA0E2', 0),
(354, 'DL-AE95E47D02', 0),
(355, 'DL-B5D874794A', 0),
(356, 'DL-A31F193FBE', 0),
(357, 'DL-FED31D3F01', 0),
(358, 'DL-2BECA469C5', 0),
(359, 'DL-BAF5C30E56', 0),
(360, 'DL-3C277E7034', 0),
(361, 'DL-ED8D90AA81', 0),
(362, 'DL-44A011A8AA', 0),
(363, 'DL-8332727EF7', 0),
(364, 'DL-F64AB62C3F', 0),
(365, 'DL-3EFA405CD6', 0),
(366, 'DL-3CEC10B126', 0),
(367, 'DL-B015FCF760', 0),
(368, 'DL-A56875260E', 0),
(369, 'DL-A56875260E', 0),
(370, 'DL-15932BC4EA', 0),
(371, 'DL-7416DDAF54', 0),
(372, 'DL-7416DDAF54', 0),
(373, 'DL-A3467241E2', 0),
(374, 'DL-D89803F750', 0),
(375, 'DL-7C31678F05', 0),
(376, 'DL-AECA2981B8', 0),
(377, 'DL-9B5B0C7516', 0),
(378, 'DL-9B5B0C7516', 0),
(379, 'DL-BFD798561E', 0),
(380, 'DL-BE5C4C5265', 0),
(381, 'DL-81E368F4FC', 0),
(382, 'DL-81E368F4FC', 0),
(383, 'DL-3DABFB63E6', 0),
(384, 'DL-DBB6EA0535', 1),
(385, 'DL-DBB6EA0535', 0),
(386, 'DL-FC681D0886', 0),
(387, 'DL-C66E6D5D09', 0),
(388, 'DL-C652326D7E', 0),
(389, 'DL-6A99891324', 0),
(390, 'DL-6A99891324', 0),
(391, 'DL-F80A6830ED', 0),
(392, 'DL-F79EECEED3', 0),
(393, 'DL-93DBF68E47', 0),
(394, 'DL-22D0DCC501', 0),
(395, 'DL-D7E88BCC57', 0),
(396, 'DL-3CF5C6B4C3', 0),
(397, 'DL-BBD8756239', 0),
(398, 'DL-BBD8756239', 0),
(399, 'DL-B3AD7E65F9', 0),
(400, 'DL-4999C68CF9', 0),
(401, 'DL-E617C3421F', 0),
(402, 'DL-E617C3421F', 0),
(403, 'DL-3F8DF8E223', 0),
(404, 'DL-74B93F9822', 0),
(405, 'DL-780FE794D3', 0),
(406, 'DL-E0DDFFC9B6', 1),
(407, 'DL-C72E06064B', 0),
(408, 'DL-C72E06064B', 0),
(409, 'DL-33C0EC43EA', 0),
(410, 'DL-33C0EC43EA', 0),
(411, 'DL-33C0EC43EA', 0),
(412, 'DL-90E1CB4670', 0),
(413, 'DL-DAF96A315A', 0),
(414, 'DL-4C14C6D8B2', 0),
(415, 'DL-516B1F8F56', 0),
(416, 'DL-54FFA31E22', 0),
(417, 'DL-B95ACCEF0A', 0),
(418, 'DL-4F23EABDAB', 0),
(419, 'DL-D15CCE82D7', 0),
(420, 'DL-D15CCE82D7', 0),
(421, 'DL-1493DC3342', 0),
(422, 'DL-7C0CE30744', 0),
(423, 'DL-A480921763', 0),
(424, 'DL-BCDF9E3C42', 0),
(425, 'DL-B807C0B66B', 0),
(426, 'DL-CFF8EF195E', 0),
(427, 'DL-CFF8EF195E', 0),
(428, 'DL-12F8BE514E', 0),
(429, 'DL-3F42C85343', 0),
(430, 'DL-E82E976177', 0),
(431, 'DL-1E6EE01A4F', 0),
(432, 'DL-A39FC63FEC', 0),
(433, 'DL-E6C0872ABB', 0),
(434, 'DL-66DA0CFEB8', 0),
(435, 'DL-F101F43C88', 0),
(436, 'DL-FED244B664', 0),
(437, 'DL-2A4A896A77', 0),
(438, 'DL-6A216B7422', 0),
(439, 'DL-C687DDEDD8', 0),
(440, 'DL-72A0744410', 0),
(441, 'DL-CC2E033DE8', 0),
(442, 'DL-CE47287694', 0),
(443, 'DL-ED0C2C6D6C', 0),
(444, 'DL-3F559F6D8B', 0),
(445, 'DL-7AAC93A028', 0),
(446, 'DL-92B617BD91', 0),
(447, 'DL-92B617BD91', 0),
(448, 'DL-D6387092C7', 0),
(449, 'DL-A7CEBE804C', 0),
(450, 'DL-A7CEBE804C', 0),
(451, 'DL-08A4169088', 0),
(452, 'DL-EE587EB1D2', 0),
(453, 'DL-EE587EB1D2', 0),
(454, 'DL-BFFD68C08E', 0),
(455, 'DL-9C33919BCB', 0),
(456, 'DL-D136B76F0B', 0),
(457, 'DL-D82851CB93', 0),
(458, 'DL-32F2B36499', 0),
(459, 'DL-51C126E648', 0),
(460, 'DL-6DF9B16320', 0),
(461, 'DL-A5133EC240', 0),
(462, 'DL-A5133EC240', 0),
(463, 'DL-3C4EE2EFA6', 0),
(464, 'DL-E1E74562BA', 0),
(465, 'DL-E1E74562BA', 0),
(466, 'DL-6F7381CABF', 0),
(467, 'DL-DED9EEB68E', 0),
(468, 'DL-541FA20721', 0),
(469, 'DL-F23C160261', 0),
(470, 'DL-F23C160261', 0),
(471, 'DL-B344C803A1', 0),
(472, 'DL-82CE2DB1BE', 0),
(473, 'DL-9D482220F9', 0),
(474, 'DL-DA399164FF', 0),
(475, 'DL-9BF6B4B3E2', 0),
(476, 'DL-0BAB0789FC', 0),
(477, 'DL-7605955E94', 0),
(478, 'DL-F58A51C15D', 0),
(479, 'DL-F58A51C15D', 0),
(480, 'DL-F53682B289', 0),
(481, 'DL-55D38E78EC', 0),
(482, 'DL-306AA3835D', 0),
(483, 'DL-178904D417', 0),
(484, 'DL-52CBBE218C', 0),
(485, 'DL-DBB075DCA1', 0),
(486, 'DL-3A0149AD8A', 0),
(487, 'DL-7C8C75B851', 0),
(488, 'DL-762BEFF471', 0),
(489, 'DL-543E82B495', 0),
(490, 'DL-F2689E86A3', 0),
(491, 'DL-91B92BDE81', 0),
(492, 'DL-17A09C51EA', 0),
(493, 'DL-0183028E5A', 0),
(494, 'DL-2B9FFE7C51', 0),
(495, 'DL-2B9FFE7C51', 0),
(496, 'DL-B1015BA15A', 0),
(497, 'DL-DF1DB92468', 0),
(498, 'DL-B1C36E39E9', 0),
(499, 'DL-8224D5C391', 0),
(500, 'DL-ACC6AF28B6', 0),
(501, 'DL-FC8E83E788', 0),
(502, 'DL-82D5CE193A', 0),
(503, 'DL-36CC5ADBF3', 0),
(504, 'DL-5E04D4806B', 0),
(505, 'DL-F113DB4832', 0),
(506, 'DL-BD36CB3DC7', 0),
(507, 'DL-BD36CB3DC7', 0),
(508, 'DL-D95ABEAF15', 0),
(509, 'DL-276F1C7EBE', 0),
(510, 'DL-C6494653D3', 0),
(511, 'DL-FB1B8A9259', 0),
(512, 'DL-FB1B8A9259', 0),
(513, 'DL-3D4C98ABB3', 0),
(514, 'DL-3C9990CF0D', 0),
(515, 'DL-2847D1148D', 0),
(516, 'DL-488BB930FD', 0),
(517, 'DL-069F09EBA8', 0),
(518, 'DL-6AD88DC711', 0),
(519, 'DL-9B5DE71374', 0),
(520, 'DL-1229340E90', 0),
(521, 'DL-2A1D7D52CB', 0),
(522, 'DL-282A6200DB', 0),
(523, 'DL-A44B845AAE', 0),
(524, 'DL-5AE59AC730', 0),
(525, 'DL-431B9FF547', 0),
(526, 'DL-0D7A5A10B8', 0),
(527, 'DL-F633D0E381', 0),
(528, 'DL-830931CB92', 0),
(529, 'DL-2104C80375', 0),
(530, 'DL-30C3EC0429', 0),
(531, 'DL-DBCBF469B9', 0),
(532, 'DL-6701D669C2', 0),
(533, 'DL-85BF4C09B9', 0),
(534, 'DL-F12EF7270B', 0),
(535, 'DL-604A464D61', 0),
(536, 'DL-F6720CC880', 0),
(537, 'DL-F359E3BAB4', 0),
(538, 'DL-05507B0FEC', 0),
(539, 'DL-CFF7BEFA23', 0),
(540, 'DL-8AE184914E', 0),
(541, 'DL-EB50074FA3', 0),
(542, 'DL-B29255A6D0', 0),
(543, 'DL-1B5068AFE0', 0),
(544, 'DL-317B3FC616', 0),
(545, 'DL-CED4BDB6F0', 0),
(546, 'DL-0466445637', 0),
(547, 'DL-72EE0F9995', 0),
(548, 'DL-6DDBF7478E', 0),
(549, 'DL-F8716C87EC', 0),
(550, 'DL-6BDD6A1D02', 0),
(551, 'DL-8FF12A3B82', 0),
(552, 'DL-396B68C816', 0),
(553, 'DL-032EE70BAB', 0),
(554, 'DL-9CAD851970', 0),
(555, 'DL-AED9112EF3', 0),
(556, 'DL-AED9112EF3', 0),
(557, 'DL-8C2C2BC769', 0),
(558, 'DL-335B292D89', 0),
(559, 'DL-8A84CFD08D', 0),
(560, 'DL-DBEE60D1C4', 0),
(561, 'DL-17430CF6A7', 0),
(562, 'DL-592C19A5AE', 0),
(563, 'DL-33E8E6E9B1', 0),
(564, 'DL-0A8FFBA332', 0),
(565, 'DL-D168395AC8', 0),
(566, 'DL-D7A37EF2F4', 0),
(567, 'DL-C906D0199E', 0),
(568, 'DL-F58757E908', 1),
(569, 'DL-F6FFF369D5', 0),
(570, 'DL-1F934FDE9A', 0),
(571, 'DL-59A011B492', 0),
(572, 'DL-CEEDD5DB00', 0),
(573, 'DL-562D86461C', 0),
(574, 'DL-A80837C0B1', 0),
(575, 'DL-A65EAB7C0B', 0),
(576, 'DL-BCEE60E63D', 0),
(577, 'DL-31FB2C4377', 0),
(578, 'DL-72914D389B', 0),
(579, 'DL-1703B78A80', 0),
(580, 'DL-F64DADF393', 1),
(581, 'DL-C0506F8475', 0),
(582, 'DL-D4866EE2D9', 0),
(583, 'DL-E302316614', 0),
(584, 'DL-261B90C9C1', 0),
(585, 'DL-A50999986A', 0),
(586, 'DL-8E8C7A14C3', 0),
(587, 'DL-C6263B0EC6', 0),
(588, 'DL-75A81EC08D', 0),
(589, 'DL-6644456D2F', 0),
(590, 'DL-BA7D566EE3', 0),
(591, 'DL-61EC464907', 0),
(592, 'DL-61EC464907', 0),
(593, 'DL-055941FF1B', 0),
(594, 'DL-49006AE849', 0),
(595, 'DL-A92690BC57', 0),
(596, 'DL-B088F849D7', 0),
(597, 'DL-542D4F1241', 0),
(598, 'DL-9614D0F49E', 0),
(599, 'DL-BD3697CD59', 0),
(600, 'DL-372DD695A5', 0),
(601, 'DL-372DD695A5', 0),
(602, 'DL-BDE532A352', 0),
(603, 'DL-DDDC87ACFD', 0),
(604, 'DL-93329C3150', 0),
(605, 'DL-9F4F43EB09', 0),
(606, 'DL-74B30A50DE', 1),
(607, 'DL-956A453102', 0),
(608, 'DL-956A453102', 0),
(609, 'DL-D25B3F306C', 0),
(610, 'DL-FE6F9591CA', 0),
(611, 'DL-B8AD7F288F', 0),
(612, 'DL-C860066A37', 0),
(613, 'DL-3B8A1487AC', 0),
(614, 'DL-F4D641B507', 0),
(615, 'DL-ECE03629A6', 0),
(616, 'DL-CCCE7BB6F8', 0),
(617, 'DL-BFEC1FCA1A', 0),
(618, 'DL-5AFAD0FB49', 0),
(619, 'DL-4C47203F55', 0),
(620, 'DL-F428DD0369', 0),
(621, 'DL-EEAA2ECF9A', 0),
(622, 'DL-4907FC1982', 0),
(623, 'DL-BA6FE1D482', 0),
(624, 'DL-8E26315854', 0),
(625, 'DL-7C0D55E394', 0),
(626, 'DL-22E0F280ED', 0),
(627, 'DL-A23DA5CF38', 0),
(628, 'DL-A23DA5CF38', 0),
(629, 'DL-E2724EE972', 0),
(630, 'DL-E2724EE972', 0),
(631, 'DL-B19DE1B51B', 0),
(632, 'DL-328E11B96B', 0),
(633, 'DL-030638D8B1', 0),
(634, 'DL-402405E219', 0),
(635, 'DL-55748A7CC8', 0),
(636, 'DL-9973720E42', 0),
(637, 'DL-9973720E42', 0),
(638, 'DL-A5313B6BDC', 0),
(639, 'DL-CEA2DE46D1', 0),
(640, 'DL-93B77C0357', 0),
(641, 'DL-2E33A55BCF', 1),
(642, 'DL-2DEC144A1B', 0),
(643, 'DL-CEA15B2364', 0),
(644, 'DL-94B6F32C90', 0),
(645, 'DL-D6ACE70CDA', 0),
(646, 'DL-0A0A3C54DD', 0),
(647, 'DL-F25763DFC9', 0),
(648, 'DL-6A70E2FF8A', 0),
(649, 'DL-6A70E2FF8A', 0),
(650, 'DL-9C83BB41A7', 0),
(651, 'DL-3717BEAA62', 0),
(652, 'DL-3EBD39406E', 0),
(653, 'DL-FA42B397F7', 0),
(654, 'DL-B4B3414438', 0),
(655, 'DL-E94715B31C', 0),
(656, 'DL-C7FD3B689E', 0),
(657, 'DL-975D0ADEC2', 0),
(658, 'DL-020D77DCCE', 0),
(659, 'DL-020D77DCCE', 0),
(660, 'DL-FAD236FDBC', 0),
(661, 'DL-663781B48E', 0),
(662, 'DL-4EB2F02C3D', 0),
(663, 'DL-51C59D345A', 0),
(664, 'DL-AC2091A4A2', 0),
(665, 'DL-BACE315C41', 0),
(666, 'DL-7B399DF21C', 0),
(667, 'DL-0E88081BB6', 0),
(668, 'DL-6E69BD7C94', 0),
(669, 'DL-ADC725426B', 0),
(670, 'DL-16CC837541', 0),
(671, 'DL-60818BE7D8', 0),
(672, 'DL-39DF5FEB39', 0),
(673, 'DL-BDBBFAC5C6', 0),
(674, 'DL-3247A97F7F', 0),
(675, 'DL-09D134CB45', 0),
(676, 'DL-82610977A4', 0),
(677, 'DL-9592553CF9', 0),
(678, 'DL-F00E654CE7', 0),
(679, 'DL-23756AF5DF', 0),
(680, 'DL-E887233A32', 0),
(681, 'DL-1AC1C4D4A1', 0),
(682, 'DL-33B3CEB220', 0),
(683, 'DL-D8FC68EB12', 0),
(684, 'DL-F1AFB56B27', 0),
(685, 'DL-1649BFAD10', 0),
(686, 'DL-E6CAC2AED4', 0),
(687, 'DL-662BA7B098', 0),
(688, 'DL-C3216364C0', 0),
(689, 'DL-599A2114A4', 0),
(690, 'DL-C8F9150684', 0),
(691, 'DL-25B8468E18', 0),
(692, 'DL-340F487D13', 0),
(693, 'DL-BDF795C278', 0),
(694, 'DL-CD18EACA68', 0),
(695, 'DL-26B5F8D2D9', 0),
(696, 'DL-AE9F580226', 0),
(697, 'DL-6E7D44F134', 0),
(698, 'DL-60606917E5', 0),
(699, 'DL-D9D88FAECB', 0),
(700, 'DL-8BBD097C14', 0),
(701, 'DL-863844F7CE', 0),
(702, 'DL-7A995DDD7D', 0),
(703, 'DL-44B79F171F', 0),
(704, 'DL-90F5195922', 0),
(705, 'DL-BECAC139FF', 0),
(706, 'DL-3024D827FE', 0),
(707, 'DL-5224B52BFA', 0),
(708, 'DL-E49C98BFF9', 0),
(709, 'DL-EACBA17819', 0),
(710, 'DL-3D5C953B74', 0),
(711, 'DL-8FC97F4EAF', 0),
(712, 'DL-DF181A44A2', 0),
(713, 'DL-7A914C4F21', 0),
(714, 'DL-E565728451', 0),
(715, 'DL-DB50F14D99', 0),
(716, 'DL-4F3BF00495', 0),
(717, 'DL-0B9F668FDF', 0),
(718, 'DL-ED20E7CED0', 0),
(719, 'DL-AE4791A839', 0),
(720, 'DL-A6328EED6F', 0),
(721, 'DL-687DA25340', 0),
(722, 'DL-39C29288C4', 0),
(723, 'DL-A30C6042FE', 0),
(724, 'DL-CC6CB6200C', 0),
(725, 'DL-91745575C3', 0),
(726, 'DL-298892240D', 0),
(727, 'DL-1CDF3E57FB', 0),
(728, 'DL-2F4FDE71E0', 0),
(729, 'DL-263477D50E', 0),
(730, 'DL-58EDEFDCBB', 0),
(731, 'DL-E181F1F0F5', 0),
(732, 'DL-37CDE14986', 0),
(733, 'DL-B1C873A56D', 0),
(734, 'DL-273D0402A5', 0),
(735, 'DL-31099DABA3', 0),
(736, 'DL-92084D0E1C', 0),
(737, 'DL-7EA52B55B3', 0),
(738, 'DL-9FE3E19670', 0),
(739, 'DL-3873C031E3', 0),
(740, 'DL-AC4275B0C8', 0),
(741, 'DL-DB0B0695F1', 0),
(742, 'DL-E6640835A0', 0),
(743, 'DL-929885EBAB', 0),
(744, 'DL-478A61006E', 0),
(745, 'DL-4BCEF086BB', 0),
(746, 'DL-CE484640A2', 0),
(747, 'DL-C54B5EEE26', 0),
(748, 'DL-A43E856FEB', 0),
(749, 'DL-3DB988113F', 0),
(750, 'DL-999CC163D6', 0),
(751, 'DL-FD04066115', 0),
(752, 'DL-77547F8A55', 0),
(753, 'DL-66FE0C9579', 0),
(754, 'DL-0AEF77241E', 0),
(755, 'DL-9C68D16D88', 0),
(756, 'DL-A3F76A1D41', 0),
(757, 'DL-3635138D2E', 0),
(758, 'DL-3635138D2E', 0),
(759, 'DL-35EF70769B', 0),
(760, 'DL-77A3D63456', 0),
(761, 'DL-5E57768EA7', 0),
(762, 'DL-3740345707', 0),
(763, 'DL-93762F6789', 0),
(764, 'DL-420DA097DB', 0),
(765, 'DL-782AA1F5A5', 0),
(766, 'DL-782AA1F5A5', 0),
(767, 'DL-2275DF3251', 0),
(768, 'DL-C146694F12', 0),
(769, 'DL-5DB2A379D4', 0),
(770, 'DL-5CE59112F4', 0),
(771, 'DL-78C93352DF', 0),
(772, 'DL-5A2C134F7F', 0),
(773, 'DL-BD64D0E732', 0),
(774, 'DL-882537282F', 0),
(775, 'DL-D5596EFF5B', 0),
(776, 'DL-73EDFB793F', 0),
(777, 'DL-E1204F41E9', 0),
(778, 'DL-A4741456D2', 0),
(779, 'DL-050E5FD5C2', 0),
(780, 'DL-8BFC456CA3', 0),
(781, 'DL-AE8F1A393D', 0),
(782, 'DL-D2C2254826', 0),
(783, 'DL-5FF47D3A30', 0),
(784, 'DL-C5214D6DB2', 0),
(785, 'DL-7A423A8DB7', 0),
(786, 'DL-2C9B913A31', 0),
(787, 'DL-39A74A74D8', 0),
(788, 'DL-D9AA4D5AB4', 0),
(789, 'DL-3223336520', 0),
(790, 'DL-5D1E9D4E69', 0),
(791, 'DL-8D681C40B5', 0),
(792, 'DL-8D681C40B5', 0),
(793, 'DL-D7E831D336', 0),
(794, 'DL-21DDFB939D', 0),
(795, 'DL-E26BEAA953', 0),
(796, 'DL-8F365C5BBE', 0),
(797, 'DL-5A25C91CA0', 0),
(798, 'DL-23E3677B4A', 0),
(799, 'DL-9E930F975D', 0),
(800, 'DL-9E930F975D', 0),
(801, 'DL-796D57810F', 0),
(802, 'DL-7619CDE8C9', 0),
(803, 'DL-106954210E', 0),
(804, 'DL-1D7BD1C430', 0),
(805, 'DL-12F275C444', 0),
(806, 'DL-6D9540CCBC', 0),
(807, 'DL-78EAD64617', 0),
(808, 'DL-DD77D6FB47', 0),
(809, 'DL-264719E7D9', 0),
(810, 'DL-E12715E01D', 0),
(811, 'DL-014C5F5F02', 0),
(812, 'DL-484DBC7CC2', 0),
(813, 'DL-E378EB30E1', 0),
(814, 'DL-D8BB8B095D', 0),
(815, 'DL-C9281663E6', 0),
(816, 'DL-286742C9F3', 0),
(817, 'DL-286742C9F3', 0),
(818, 'DL-D72FEAE53C', 0),
(819, 'DL-4ADD52E871', 0),
(820, 'DL-52DA3924B6', 0),
(821, 'DL-ED254FC36A', 0),
(822, 'DL-1CAF878DE8', 0),
(823, 'DL-2F6AD4C747', 0),
(824, 'DL-2F6AD4C747', 0),
(825, 'DL-5F9E63BF88', 0),
(826, 'DL-5B49DBC160', 0),
(827, 'DL-BFD4666A31', 0),
(828, 'DL-23F85F7BDE', 0),
(829, 'DL-35870555A1', 0),
(830, 'DL-CB7EF933EF', 0),
(831, 'DL-01C36B018D', 0),
(832, 'DL-AAB2E06499', 0),
(833, 'DL-3B1DA0B7EA', 0),
(834, 'DL-3B1DA0B7EA', 0),
(835, 'DL-D3EA206D9C', 0),
(836, 'DL-C32DAEE9B2', 0),
(837, 'DL-F497116D5B', 0),
(838, 'DL-76DE0C7076', 0),
(839, 'DL-942C9C12CA', 0),
(840, 'DL-2BA1418527', 0),
(841, 'DL-E57BA7A476', 0),
(842, 'DL-7C46849DC3', 0),
(843, 'DL-7C46849DC3', 0),
(844, 'DL-AB7FB20734', 0),
(845, 'DL-8587BDB88F', 0),
(846, 'DL-E2F38762BB', 0),
(847, 'DL-101A057403', 0),
(848, 'DL-179D1FC82C', 0),
(849, 'DL-0B1F0DEDBC', 0),
(850, 'DL-C19B0D62DF', 0),
(851, 'DL-AE2478CACD', 0),
(852, 'DL-174E0BBAAB', 0),
(853, 'DL-ED1123C565', 0),
(854, 'DL-30218F805F', 0),
(855, 'DL-C4635F372D', 0),
(856, 'DL-55AC1AECFB', 0),
(857, 'DL-4CA669F22F', 0),
(858, 'DL-9CD5D0DDE5', 0),
(859, 'DL-0B8CF2117A', 0),
(860, 'DL-AA60D2668A', 0),
(861, 'DL-1992691241', 0),
(862, 'DL-1F8E4176EC', 0),
(863, 'DL-1F8E4176EC', 0),
(864, 'DL-3428215487', 0),
(865, 'DL-8704EE98CC', 0),
(866, 'DL-32DF63467C', 0),
(867, 'DL-3F375AF46D', 0),
(868, 'DL-C310D59D0A', 0),
(869, 'DL-2E6CC07F16', 0),
(870, 'DL-310543DC21', 0),
(871, 'DL-310543DC21', 0),
(872, 'DL-F636B16703', 0),
(873, 'DL-F636B16703', 0),
(874, 'DL-28A41B4B31', 0),
(875, 'DL-7BEA8F7E9D', 0),
(876, 'DL-AA730EE6BD', 0),
(877, 'DL-E7AC8307D2', 0),
(878, 'DL-73C8198F10', 0),
(879, 'DL-DE499BEA05', 0),
(880, 'DL-DE499BEA05', 0),
(881, 'DL-03F470075C', 0),
(882, 'DL-0D7293A6CB', 0),
(883, 'DL-0D5CF4A10F', 0),
(884, 'DL-CA96E9C176', 0),
(885, 'DL-083BAF70DB', 0),
(886, 'DL-B6F9BFB9D8', 0),
(887, 'DL-C9F2D5220C', 0),
(888, 'DL-C9F2D5220C', 0),
(889, 'DL-0C8D3388E8', 0),
(890, 'DL-4297459D63', 0),
(891, 'DL-62E6112AAF', 0),
(892, 'DL-7593AE3E93', 0),
(893, 'DL-8BCEB6B88A', 0),
(894, 'DL-2E84A130E2', 0),
(895, 'DL-F72216063B', 0),
(896, 'DL-18385317A1', 0),
(897, 'DL-00F1BC189C', 0),
(898, 'DL-1640A94AFC', 0),
(899, 'DL-D44DDB8E56', 0),
(900, 'DL-531F20B1E5', 0),
(901, 'DL-9F7A9C3D2E', 0),
(902, 'DL-FC047EC3D5', 0),
(903, 'DL-82812F2EE8', 0),
(904, 'DL-A336036DF3', 1),
(905, 'DL-605AC5DDDB', 0),
(906, 'DL-947FF614BA', 0),
(907, 'DL-00AE75B82E', 0),
(908, 'DL-93136AB33A', 0),
(909, 'DL-4AA8823EDC', 0),
(910, 'DL-523B520D1F', 0),
(911, 'DL-8D9291037F', 0),
(912, 'DL-16A1F7C576', 0),
(913, 'DL-936E8A8F37', 0),
(914, 'DL-29CAC342EA', 0),
(915, 'DL-CFCBE719DA', 0),
(916, 'DL-B7CB09E829', 0),
(917, 'DL-254DBE249F', 0),
(918, 'DL-8BE533AFEA', 0),
(919, 'DL-DFD53EEC96', 0),
(920, 'DL-D241E30B8D', 0),
(921, 'DL-1F5437EAC1', 0),
(922, 'DL-C1C3959930', 0),
(923, 'DL-60A6EB02C7', 0),
(924, 'DL-DC65A86680', 0),
(925, 'DL-D43973EFEC', 0),
(926, 'DL-DD904A1533', 0),
(927, 'DL-C67CA555E1', 0),
(928, 'DL-6982F89AF8', 0),
(929, 'DL-BF0E7C8986', 0),
(930, 'DL-8284DDE7F3', 0),
(931, 'DL-06BD1625C0', 0),
(932, 'DL-ACAD2CDF5C', 0),
(933, 'DL-08A48668EF', 0),
(934, 'DL-08A48668EF', 0),
(935, 'DL-F792D8D1EC', 0),
(936, 'DL-965CA67D18', 0),
(937, 'DL-965CA67D18', 0),
(938, 'DL-47B703FB99', 0),
(939, 'DL-C3F1B36306', 0),
(940, 'DL-6DC6A7FC82', 0),
(941, 'DL-77550025B9', 0),
(942, 'DL-F0F68B0930', 0),
(943, 'DL-E4DE67E5F7', 0),
(944, 'DL-B47745BB99', 0),
(945, 'DL-D3A94AC4E1', 0),
(946, 'DL-1810023EBF', 0),
(947, 'DL-449F2D78ED', 0),
(948, 'DL-690F713906', 0),
(949, 'DL-10BDD54FA1', 0),
(950, 'DL-C1BD3EA263', 0),
(951, 'DL-E83BD63E63', 0),
(952, 'DL-559C1A789E', 0),
(953, 'DL-5C185C6B86', 0),
(954, 'DL-EFB5357037', 0),
(955, 'DL-2752248EFF', 0),
(956, 'DL-2752248EFF', 0),
(957, 'DL-29C654B676', 0),
(958, 'DL-1347844563', 0),
(959, 'DL-B6BEA76E49', 0),
(960, 'DL-69F25C3EAA', 0),
(961, 'DL-990DF154AD', 0),
(962, 'DL-7A015F8DEF', 0),
(963, 'DL-E8EF6588A2', 0),
(964, 'DL-B9CE02AA1A', 0),
(965, 'DL-75DC4972D2', 0),
(966, 'DL-ECF336BC11', 0),
(967, 'DL-365DF8E692', 0),
(968, 'DL-D9E022FB03', 0),
(969, 'DL-D528CEECEC', 0),
(970, 'DL-2E0A8841FA', 0),
(971, 'DL-7CA499D99A', 0),
(972, 'DL-BDAE1B4193', 0),
(973, 'DL-93EBE441D1', 0),
(974, 'DL-D99278CE34', 0),
(975, 'DL-720B3E5A86', 0),
(976, 'DL-85767248C8', 0),
(977, 'DL-A3012CCB56', 0),
(978, 'DL-99794F4BE6', 0),
(979, 'DL-B44B5C8654', 0),
(980, 'DL-F55C4263F8', 0),
(981, 'DL-AE312C81DF', 0),
(982, 'DL-019C96D6FB', 0),
(983, 'DL-152E5E835B', 0);

-- --------------------------------------------------------

--
-- Table structure for table `dstv_users`
--

DROP TABLE IF EXISTS `dstv_users`;
CREATE TABLE IF NOT EXISTS `dstv_users` (
  `id` int(11) NOT NULL AUTO_INCREMENT,
  `name` varchar(255) NOT NULL,
  `username` varchar(100) NOT NULL,
  `email` varchar(100) NOT NULL,
  `password` varchar(100) NOT NULL,
  `createdon` timestamp NOT NULL DEFAULT CURRENT_TIMESTAMP,
  `status` int(11) NOT NULL DEFAULT '0',
  PRIMARY KEY (`id`)
) ENGINE=InnoDB  DEFAULT CHARSET=latin1 AUTO_INCREMENT=2 ;

--
-- Dumping data for table `dstv_users`
--

INSERT INTO `dstv_users` (`id`, `name`, `username`, `email`, `password`, `createdon`, `status`) VALUES
(1, 'DSTV Admin', 'admin', 'dev@gsoft@gmail.com', '21232f297a57a5a743894a0e4a801fc3', '2014-12-10 20:00:22', 1);

/*!40101 SET CHARACTER_SET_CLIENT=@OLD_CHARACTER_SET_CLIENT */;
/*!40101 SET CHARACTER_SET_RESULTS=@OLD_CHARACTER_SET_RESULTS */;
/*!40101 SET COLLATION_CONNECTION=@OLD_COLLATION_CONNECTION */;
